2,National Retirement Partners (http://www.inc.com/inc5000/2009/company-profile.html?id=200900020),San Juan Capistrano,Financial Services,47400000.00,13416.4%
4,Perfect Fitness (http://www.inc.com/inc5000/2009/company-profile.html?id=200900040),Mill Valley,Consumer Products & Services,63500000.00,12749.3%
12,Canopy Financial (http://www.inc.com/inc5000/2009/company-profile.html?id=200900120),San Francisco,Software,19800000.00,7929.1%
13,MedVantx (http://www.inc.com/inc5000/2009/company-profile.html?id=200900130),San Diego,Health,36600000.00,7898.5%
26,Ruckus Wireless (http://www.inc.com/inc5000/2009/company-profile.html?id=200900260),Sunnyvale,Telecommunications,32900000.00,4540.1%
39,ReachLocal (http://www.inc.com/inc5000/2009/company-profile.html?id=200900390),Woodland Hills,Advertising & Marketing,146800000.00,3217.2%
40,mSpot (http://www.inc.com/inc5000/2009/company-profile.html?id=200900400),Palo Alto,Consumer Products & Services,14500000.00,3189.4%
44,Enalasys (http://www.inc.com/inc5000/2009/company-profile.html?id=200900440),Calexico,Energy,25900000.00,2813.7%
50,Bridgepoint Education (http://www.inc.com/inc5000/2009/company-profile.html?id=200900500),San Diego,Education,218300000.00,2645.4%
61,International Checkout (http://www.inc.com/inc5000/2009/company-profile.html?id=200900610),Santa Monica,Logistics & Transportation,7200000.00,2191.2%
62,DeviceAnywhere (http://www.inc.com/inc5000/2009/company-profile.html?id=200900620),San Mateo,Telecommunications,14600000.00,2103.8%
64,Workway (http://www.inc.com/inc5000/2009/company-profile.html?id=200900640),Burbank,Human Resources,75900000.00,2058.1%
72,SolutionSet (http://www.inc.com/inc5000/2009/company-profile.html?id=200900720),Palo Alto,Advertising & Marketing,17800000.00,1931.8%
81,Flipswap (http://www.inc.com/inc5000/2009/company-profile.html?id=200900810),Torrance,Consumer Products & Services,11300000.00,1839.7%
85,ClinAssure (http://www.inc.com/inc5000/2009/company-profile.html?id=200900850),Irvine,Health,5000000.00,1743%
92,American Correctional Solutions (http://www.inc.com/inc5000/2009/company-profile.html?id=200900920),Orange,Health,15600000.00,1659%
95,CaseStack (http://www.inc.com/inc5000/2009/company-profile.html?id=200900950),Santa Monica,Logistics & Transportation,61500000.00,1625%
99,Bug Music (http://www.inc.com/inc5000/2009/company-profile.html?id=200900990),Los Angeles,Media,77300000.00,1564.5%
104,Market Tech (http://www.inc.com/inc5000/2009/company-profile.html?id=200901040),Scotts Valley,Manufacturing,5200000.00,1496.5%
107,Conferencing Advisors (http://www.inc.com/inc5000/2009/company-profile.html?id=200901070),Capistrano Beach,Business Products & Services,9900000.00,1480.7%
109,Dicom Solutions (http://www.inc.com/inc5000/2009/company-profile.html?id=200901090),Irvine,Health,4300000.00,1473.9%
110,oDesk (http://www.inc.com/inc5000/2009/company-profile.html?id=200901100),Menlo Park,IT Services,33600000.00,1470.2%
112,National Positions (http://www.inc.com/inc5000/2009/company-profile.html?id=200901120),Agoura Hills,Advertising & Marketing,4100000.00,1455.6%
113,BlackLine Systems (http://www.inc.com/inc5000/2009/company-profile.html?id=200901130),Calabasas,Financial Services,5000000.00,1452.5%
129,Affiliate Media (http://www.inc.com/inc5000/2009/company-profile.html?id=200901290),Irvine,Advertising & Marketing,7700000.00,1353.5%
134,Vizio (http://www.inc.com/inc5000/2009/company-profile.html?id=200901340),Irvine,Consumer Products & Services,2000000000.00,1313%
138,VitalWear (http://www.inc.com/inc5000/2009/company-profile.html?id=200901380),South San Francisco,Health,7700000.00,1285.2%
142,Go Internet Media (http://www.inc.com/inc5000/2009/company-profile.html?id=200901420),Santa Clara,Advertising & Marketing,7600000.00,1241.9%
143,Zumasys (http://www.inc.com/inc5000/2009/company-profile.html?id=200901430),Irvine,IT Services,11700000.00,1234.1%
144,Syndero (http://www.inc.com/inc5000/2009/company-profile.html?id=200901440),San Francisco,Retail,42500000.00,1222.2%
150,AB Star Group (http://www.inc.com/inc5000/2009/company-profile.html?id=200901500),Newark,IT Services,4600000.00,1198.8%
157,Global Wedge (http://www.inc.com/inc5000/2009/company-profile.html?id=200901570),Riverside,Manufacturing,14400000.00,1175.1%
167,EVO^2 (http://www.inc.com/inc5000/2009/company-profile.html?id=200901670),San Mateo,Retail,2500000.00,1129%
171,Future Ads (http://www.inc.com/inc5000/2009/company-profile.html?id=200901710),Irvine,Advertising & Marketing,15200000.00,1114.7%
180,GuardianEdge (http://www.inc.com/inc5000/2009/company-profile.html?id=200901800),San Francisco,Security,27000000.00,1073.3%
183,The Chip (http://www.inc.com/inc5000/2009/company-profile.html?id=200901830),Newhall,IT Services,2400000.00,1060%
185,Walz Group (http://www.inc.com/inc5000/2009/company-profile.html?id=200901850),Temecula,Business Products & Services,15800000.00,1057%
187,cPrime (http://www.inc.com/inc5000/2009/company-profile.html?id=200901870),Foster City,IT Services,4000000.00,1053.4%
188,Torrey Hills Technologies (http://www.inc.com/inc5000/2009/company-profile.html?id=200901880),San Diego,Manufacturing,2600000.00,1051.7%
194,Ignify (http://www.inc.com/inc5000/2009/company-profile.html?id=200901940),Cerritos,IT Services,8800000.00,1023%
197,Monoprice (http://www.inc.com/inc5000/2009/company-profile.html?id=200901970),Rancho Cucamonga,Retail,39700000.00,1016.1%
204,The Groop (http://www.inc.com/inc5000/2009/company-profile.html?id=200902040),Los Angeles,Advertising & Marketing,4200000.00,999.9%
220,Demandforce (http://www.inc.com/inc5000/2009/company-profile.html?id=200902200),San Francisco,Software,2500000.00,936.2%
233,Covario (http://www.inc.com/inc5000/2009/company-profile.html?id=200902330),San Diego,Advertising & Marketing,12700000.00,917.7%
234,Pandigital (http://www.inc.com/inc5000/2009/company-profile.html?id=200902340),Dublin,Consumer Products & Services,157000000.00,917.2%
248,Volusion (http://www.inc.com/inc5000/2009/company-profile.html?id=200902480),Simi Valley,Software,15800000.00,884.5%
254,Cali Bamboo (http://www.inc.com/inc5000/2009/company-profile.html?id=200902540),San Diego,Retail,7200000.00,877.1%
256,Britstan Technology (http://www.inc.com/inc5000/2009/company-profile.html?id=200902560),Brea,IT Services,6500000.00,873%
263,Ali International (http://www.inc.com/inc5000/2009/company-profile.html?id=200902630),Los Angeles,Media,3800000.00,862.3%
273,Bills.com (http://www.inc.com/inc5000/2009/company-profile.html?id=200902730),San Mateo,Financial Services,74900000.00,833.1%
296,Simplion Technologies (http://www.inc.com/inc5000/2009/company-profile.html?id=200902960),San Jose,Business Products & Services,3900000.00,794.3%
299,MIR3 (http://www.inc.com/inc5000/2009/company-profile.html?id=200902990),San Diego,Telecommunications,11800000.00,791.6%
306,PowerON Services (http://www.inc.com/inc5000/2009/company-profile.html?id=200903060),Roseville,Computer Hardware,8100000.00,779.2%
318,Timeshare Relief (http://www.inc.com/inc5000/2009/company-profile.html?id=200903180),Torrance,Consumer Products & Services,30400000.00,758.4%
321,Borrego Solar Systems (http://www.inc.com/inc5000/2009/company-profile.html?id=200903210),El Cajon,Energy,58900000.00,754.4%
324,Utility Integration Solutions (http://www.inc.com/inc5000/2009/company-profile.html?id=200903240),Lafayette,Energy,9200000.00,744%
327,MindFire (http://www.inc.com/inc5000/2009/company-profile.html?id=200903270),Irvine,Software,3500000.00,738.9%
332,Dogswell (http://www.inc.com/inc5000/2009/company-profile.html?id=200903320),Los Angeles,Consumer Products & Services,15900000.00,733.2%
338,Investor Relations International (http://www.inc.com/inc5000/2009/company-profile.html?id=200903380),Sherman Oaks,Business Products & Services,7800000.00,723.7%
354,Red Bricks Media (http://www.inc.com/inc5000/2009/company-profile.html?id=200903540),San Francisco,Advertising & Marketing,6600000.00,698.4%
364,TableTopics (http://www.inc.com/inc5000/2009/company-profile.html?id=200903640),Berkeley,Consumer Products & Services,3100000.00,688%
365,AnswerLab (http://www.inc.com/inc5000/2009/company-profile.html?id=200903650),San Francisco,Business Products & Services,2500000.00,686.9%
368,Sensis (http://www.inc.com/inc5000/2009/company-profile.html?id=200903680),Los Angeles,Advertising & Marketing,7200000.00,684.5%
370,Mindbody (http://www.inc.com/inc5000/2009/company-profile.html?id=200903700),San Luis Obispo,Software,6000000.00,682.4%
379,ESET (http://www.inc.com/inc5000/2009/company-profile.html?id=200903790),San Diego,Security,111400000.00,667.4%
387,Landscape Masterpiece (http://www.inc.com/inc5000/2009/company-profile.html?id=200903870),Carlsbad,Construction,2100000.00,658.6%
391,Lead Research Group (http://www.inc.com/inc5000/2009/company-profile.html?id=200903910),Huntington Beach,Advertising & Marketing,2400000.00,652.9%
401,MegaMeeting.com (http://www.inc.com/inc5000/2009/company-profile.html?id=200904010),Sherman Oaks,Software,2800000.00,638.8%
402,Animax Entertainment (http://www.inc.com/inc5000/2009/company-profile.html?id=200904020),Van Nuys,Media,5700000.00,638.8%
403,Most Brand Development and Advertising (http://www.inc.com/inc5000/2009/company-profile.html?id=200904030),Aliso Viejo,Advertising & Marketing,10000000.00,638.1%
407,Digitaria (http://www.inc.com/inc5000/2009/company-profile.html?id=200904070),San Diego,Advertising & Marketing,15000000.00,634.8%
410,Disability Group (http://www.inc.com/inc5000/2009/company-profile.html?id=200904100),Los Angeles,Consumer Products & Services,5700000.00,626.9%
419,Granicus (http://www.inc.com/inc5000/2009/company-profile.html?id=200904190),San Francisco,Government Services,10200000.00,617.9%
431,NeoPhotonics (http://www.inc.com/inc5000/2009/company-profile.html?id=200904310),San Jose,Telecommunications,134000000.00,606.8%
450,Hydra (http://www.inc.com/inc5000/2009/company-profile.html?id=200904500),Beverly Hills,Advertising & Marketing,108600000.00,579.1%
470,The Coding Source (http://www.inc.com/inc5000/2009/company-profile.html?id=200904700),Los Angeles,Health,19300000.00,551.5%
479,James Ray International (http://www.inc.com/inc5000/2009/company-profile.html?id=200904790),Carlsbad,Consumer Products & Services,9400000.00,547.4%
480,Valudor Products (http://www.inc.com/inc5000/2009/company-profile.html?id=200904800),Rancho Santa Fe,Manufacturing,37700000.00,545.8%
481,Electronic Cash Systems (http://www.inc.com/inc5000/2009/company-profile.html?id=200904810),Rancho Santa Margarita,Financial Services,26700000.00,544.1%
492,Foundation Systems (http://www.inc.com/inc5000/2009/company-profile.html?id=200904920),San Francisco,Human Resources,18800000.00,533.6%
494,Incipio Technologies (http://www.inc.com/inc5000/2009/company-profile.html?id=200904940),Irvine,Consumer Products & Services,8200000.00,532.1%
495,WhiteHat Security (http://www.inc.com/inc5000/2009/company-profile.html?id=200904950),Santa Clara,Security,3900000.00,530.9%
498,Mpell Solutions (http://www.inc.com/inc5000/2009/company-profile.html?id=200904980),Carlsbad,Advertising & Marketing,13000000.00,530.2%
514,Ethertronics (http://www.inc.com/inc5000/2009/company-profile.html?id=200905140),San Diego,Telecommunications,32500000.00,518.5%
516,Thinkwell Design & Production (http://www.inc.com/inc5000/2009/company-profile.html?id=200905160),Burbank,Media,26900000.00,517.8%
518,Obscura Digital (http://www.inc.com/inc5000/2009/company-profile.html?id=200905180),San Francisco,Advertising & Marketing,16000000.00,515.6%
532,Midnight Oil Creative (http://www.inc.com/inc5000/2009/company-profile.html?id=200905320),Burbank,Advertising & Marketing,13900000.00,506.9%
544,Mary's Gone Crackers (http://www.inc.com/inc5000/2009/company-profile.html?id=200905440),Gridley,Food & Beverage,5700000.00,494.1%
554,Concerro (http://www.inc.com/inc5000/2009/company-profile.html?id=200905540),San Diego,Software,11800000.00,487.2%
559,CPO Commerce (http://www.inc.com/inc5000/2009/company-profile.html?id=200905590),Pasadena,Retail,32100000.00,483.9%
569,Telogis (http://www.inc.com/inc5000/2009/company-profile.html?id=200905690),Irvine,Software,9600000.00,478.5%
580,Synoptek (http://www.inc.com/inc5000/2009/company-profile.html?id=200905800),Santa Ana,IT Services,11600000.00,465.7%
587,Kinetic Networks (http://www.inc.com/inc5000/2009/company-profile.html?id=200905870),San Francisco,IT Services,4400000.00,463.2%
588,Rabbit Air (http://www.inc.com/inc5000/2009/company-profile.html?id=200905880),Downey,Consumer Products & Services,4400000.00,463.2%
599,Web Advanced (http://www.inc.com/inc5000/2009/company-profile.html?id=200905990),Irvine,IT Services,2000000.00,453.6%
609,Eight Crossings (http://www.inc.com/inc5000/2009/company-profile.html?id=200906090),Sacramento,Business Products & Services,2900000.00,447.8%
611,Neudesic (http://www.inc.com/inc5000/2009/company-profile.html?id=200906110),Irvine,IT Services,39800000.00,446.1%
617,PsiNapse Staffing (http://www.inc.com/inc5000/2009/company-profile.html?id=200906170),Pleasanton,Human Resources,7100000.00,443.8%
624,Shoe Metro (http://www.inc.com/inc5000/2009/company-profile.html?id=200906240),San Diego,Retail,11100000.00,439.8%
626,Inmate Calling Solutions (http://www.inc.com/inc5000/2009/company-profile.html?id=200906260),San Jose,Government Services,80100000.00,438%
633,BandCon (http://www.inc.com/inc5000/2009/company-profile.html?id=200906330),Costa Mesa,Telecommunications,20400000.00,434.7%
640,TeleProviders (http://www.inc.com/inc5000/2009/company-profile.html?id=200906400),Laguna Hills,Telecommunications,4800000.00,429.9%
641,Sorrento Capital (http://www.inc.com/inc5000/2009/company-profile.html?id=200906410),Irvine,Financial Services,10000000.00,429.8%
649,Goldline Research (http://www.inc.com/inc5000/2009/company-profile.html?id=200906490),Novato,Business Products & Services,2500000.00,427.7%
651,Bluemetal (http://www.inc.com/inc5000/2009/company-profile.html?id=200906510),Laguna Hills,Advertising & Marketing,2000000.00,426.3%
661,John Burns Real Estate Consulting (http://www.inc.com/inc5000/2009/company-profile.html?id=200906610),Irvine,Real Estate,6500000.00,421%
662,YapStone (http://www.inc.com/inc5000/2009/company-profile.html?id=200906620),San Francisco,Financial Services,17500000.00,418.4%
664,AbsolutData Technologies (http://www.inc.com/inc5000/2009/company-profile.html?id=200906640),Alameda,Advertising & Marketing,5600000.00,417.7%
666,Visionary Integration Professionals (http://www.inc.com/inc5000/2009/company-profile.html?id=200906660),Folsom,IT Services,148700000.00,416%
669,Spectrum Merchant Services (http://www.inc.com/inc5000/2009/company-profile.html?id=200906690),Santa Ana,Financial Services,13000000.00,414.5%
674,Herbspro.com (http://www.inc.com/inc5000/2009/company-profile.html?id=200906740),Union City,Retail,6200000.00,412.5%
678,Test Country (http://www.inc.com/inc5000/2009/company-profile.html?id=200906780),San Diego,Health,3200000.00,411.6%
696,University of Dreams (http://www.inc.com/inc5000/2009/company-profile.html?id=200906960),Redwood City,Education,11000000.00,404.8%
714,Intelliswift Software (http://www.inc.com/inc5000/2009/company-profile.html?id=200907140),Fremont,IT Services,148000000.00,399%
733,Meade Construction Group (http://www.inc.com/inc5000/2009/company-profile.html?id=200907330),San Jose,Construction,55000000.00,391.9%
740,WineCommune (http://www.inc.com/inc5000/2009/company-profile.html?id=200907400),Oakland,Food & Beverage,21300000.00,390.1%
745,Splice Communications (http://www.inc.com/inc5000/2009/company-profile.html?id=200907450),San Mateo,Telecommunications,14300000.00,389.1%
747,Neogov (http://www.inc.com/inc5000/2009/company-profile.html?id=200907470),El Segundo,Government Services,6600000.00,388.3%
748,Debtmerica (http://www.inc.com/inc5000/2009/company-profile.html?id=200907480),Santa Ana,Financial Services,11700000.00,386.6%
752,MyLife (http://www.inc.com/inc5000/2009/company-profile.html?id=200907520),Los Angeles,Media,45400000.00,385.2%
755,Ephox (http://www.inc.com/inc5000/2009/company-profile.html?id=200907550),Palo Alto,Software,4100000.00,383.4%
763,AdBrite (http://www.inc.com/inc5000/2009/company-profile.html?id=200907630),San Francisco,Advertising & Marketing,31600000.00,378.9%
773,ClickMail Marketing (http://www.inc.com/inc5000/2009/company-profile.html?id=200907730),Foster City,Advertising & Marketing,2000000.00,376.4%
804,Masterbeat (http://www.inc.com/inc5000/2009/company-profile.html?id=200908040),Los Angeles,Media,3200000.00,365.8%
808,Office Beacon (http://www.inc.com/inc5000/2009/company-profile.html?id=200908080),Redondo Beach,Advertising & Marketing,3200000.00,363.6%
812,ISTS Worldwide (http://www.inc.com/inc5000/2009/company-profile.html?id=200908120),Fremont,IT Services,17300000.00,362.9%
814,Tapestry Medical (http://www.inc.com/inc5000/2009/company-profile.html?id=200908140),Livermore,Health,5800000.00,361.8%
834,Source Abroad (http://www.inc.com/inc5000/2009/company-profile.html?id=200908340),Inglewood,Business Products & Services,4800000.00,354.8%
842,Dynamic Systems (http://www.inc.com/inc5000/2009/company-profile.html?id=200908420),Los Angeles,IT Services,19300000.00,353.2%
847,Acclaim Technical Services (http://www.inc.com/inc5000/2009/company-profile.html?id=200908470),Huntington Beach,Government Services,38200000.00,352.5%
857,FashionGo (http://www.inc.com/inc5000/2009/company-profile.html?id=200908570),Los Angeles,Consumer Products & Services,36300000.00,350.9%
860,Real Social Dynamics (http://www.inc.com/inc5000/2009/company-profile.html?id=200908600),West Hollywood,Consumer Products & Services,3000000.00,349.1%
861,ACFN Franchised (http://www.inc.com/inc5000/2009/company-profile.html?id=200908610),San Jose,Business Products & Services,7200000.00,348.7%
877,Zobmondo!! Entertainment (http://www.inc.com/inc5000/2009/company-profile.html?id=200908770),Los Angeles,Consumer Products & Services,5900000.00,344.4%
885,Electrical Systems and Instrumentation (http://www.inc.com/inc5000/2009/company-profile.html?id=200908850),Bakersfield,Construction,11800000.00,342%
913,BEAR Data Systems (http://www.inc.com/inc5000/2009/company-profile.html?id=200909130),San Francisco,IT Services,74200000.00,330.4%
919,Earthbound Media Group (http://www.inc.com/inc5000/2009/company-profile.html?id=200909190),Irvine,Advertising & Marketing,4200000.00,329.4%
921,SA Technologies (http://www.inc.com/inc5000/2009/company-profile.html?id=200909210),Santa Clara,IT Services,9200000.00,328.5%
924,Codexis (http://www.inc.com/inc5000/2009/company-profile.html?id=200909240),Redwood City,Environmental Services,50500000.00,328.4%
940,Clary Business Machines (http://www.inc.com/inc5000/2009/company-profile.html?id=200909400),San Diego,Business Products & Services,11800000.00,324.3%
964,XPO (http://www.inc.com/inc5000/2009/company-profile.html?id=200909640),Torrance,Business Products & Services,34000000.00,316.9%
971,Trace-3 (http://www.inc.com/inc5000/2009/company-profile.html?id=200909710),Irvine,IT Services,100500000.00,314.9%
973,Innex (http://www.inc.com/inc5000/2009/company-profile.html?id=200909730),City of Industry,Consumer Products & Services,11800000.00,314.4%
974,Isotech Pest Management (http://www.inc.com/inc5000/2009/company-profile.html?id=200909740),Pomona,Consumer Products & Services,4400000.00,314.3%
980,Crescent Marketing (http://www.inc.com/inc5000/2009/company-profile.html?id=200909800),Buena Park,Consumer Products & Services,23200000.00,312.5%
982,Phacil (http://www.inc.com/inc5000/2009/company-profile.html?id=200909820),San Francisco,Government Services,26800000.00,311.6%
1002,Sena Cases (http://www.inc.com/inc5000/2009/company-profile.html?id=200910020),Tustin,Retail,4500000.00,306.1%
1010,(mt) Media Temple (http://www.inc.com/inc5000/2009/company-profile.html?id=200910100),Culver City,IT Services,21000000.00,303.7%
1025,Capital Network Leasing (http://www.inc.com/inc5000/2009/company-profile.html?id=200910250),Burbank,Financial Services,8300000.00,299.4%
1027,Children's Choice (http://www.inc.com/inc5000/2009/company-profile.html?id=200910270),Danville,Food & Beverage,3900000.00,298.9%
1028,Six Dimensions (http://www.inc.com/inc5000/2009/company-profile.html?id=200910280),San Ramon,IT Services,3600000.00,298.8%
1033,CornerStone Staffing Solutions (http://www.inc.com/inc5000/2009/company-profile.html?id=200910330),Pleasanton,Human Resources,58400000.00,297.5%
1042,Growthink (http://www.inc.com/inc5000/2009/company-profile.html?id=200910420),Los Angeles,Financial Services,5400000.00,295.5%
1054,Tea Collection (http://www.inc.com/inc5000/2009/company-profile.html?id=200910540),San Francisco,Consumer Products & Services,13400000.00,293.4%
1063,eBridge (http://www.inc.com/inc5000/2009/company-profile.html?id=200910630),Encino,Advertising & Marketing,24600000.00,290.9%
1069,The Active Network (http://www.inc.com/inc5000/2009/company-profile.html?id=200910690),San Diego,IT Services,172500000.00,290.3%
1075,Sand Building Materials (http://www.inc.com/inc5000/2009/company-profile.html?id=200910750),San Fernando,Construction,5100000.00,289.8%
1098,Thunderhead (http://www.inc.com/inc5000/2009/company-profile.html?id=200910980),Irvine,IT Services,23800000.00,284.2%
1120,Trancos (http://www.inc.com/inc5000/2009/company-profile.html?id=200911200),Redwood City,Advertising & Marketing,18300000.00,279.6%
1134,Maverick Networks (http://www.inc.com/inc5000/2009/company-profile.html?id=200911340),Pleasanton,Telecommunications,2300000.00,277.9%
1136,Cornerstone OnDemand (http://www.inc.com/inc5000/2009/company-profile.html?id=200911360),Santa Monica,Software,24500000.00,277.6%
1137,Morris (http://www.inc.com/inc5000/2009/company-profile.html?id=200911370),San Diego,Advertising & Marketing,2500000.00,277.5%
1160,E&B Natural Resources Management (http://www.inc.com/inc5000/2009/company-profile.html?id=200911600),Bakersfield,Energy,154700000.00,274.6%
1165,KnowledgeCentrix (http://www.inc.com/inc5000/2009/company-profile.html?id=200911650),Irvine,IT Services,6000000.00,273.6%
1173,Rescue Social Change Group (http://www.inc.com/inc5000/2009/company-profile.html?id=200911730),San Diego,Advertising & Marketing,3000000.00,271.4%
1176,Optimum Design Associates (http://www.inc.com/inc5000/2009/company-profile.html?id=200911760),Pleasanton,Computer Hardware,13100000.00,269.9%
1189,LaunchSquad (http://www.inc.com/inc5000/2009/company-profile.html?id=200911890),San Francisco,Advertising & Marketing,4300000.00,267%
1203,Turnupseed Electric Service (http://www.inc.com/inc5000/2009/company-profile.html?id=200912030),Tulare,Construction,41900000.00,264.6%
1207,Peek Packaging (http://www.inc.com/inc5000/2009/company-profile.html?id=200912070),Carlsbad,Manufacturing,3200000.00,264.3%
1218,SeQual Technologies (http://www.inc.com/inc5000/2009/company-profile.html?id=200912180),San Diego,Health,41600000.00,260.3%
1219,Full Circle Wireless (http://www.inc.com/inc5000/2009/company-profile.html?id=200912190),Laguna Hills,Environmental Services,4300000.00,260.2%
1224,Excellent Packaging & Supply (http://www.inc.com/inc5000/2009/company-profile.html?id=200912240),Richmond,Food & Beverage,12900000.00,259.6%
1235,Easy-Turf (http://www.inc.com/inc5000/2009/company-profile.html?id=200912350),Escondido,Environmental Services,11400000.00,257.8%
1243,Exigen Services (http://www.inc.com/inc5000/2009/company-profile.html?id=200912430),San Francisco,IT Services,81100000.00,255.6%
1256,Settlement Professionals (http://www.inc.com/inc5000/2009/company-profile.html?id=200912560),Elk Grove,Financial Services,8200000.00,252.8%
1257,Miles Consulting (http://www.inc.com/inc5000/2009/company-profile.html?id=200912570),Folsom,IT Services,3300000.00,252.5%
1262,Strada Capital (http://www.inc.com/inc5000/2009/company-profile.html?id=200912620),Irvine,Financial Services,13000000.00,252.1%
1270,VerticalResponse (http://www.inc.com/inc5000/2009/company-profile.html?id=200912700),San Francisco,Advertising & Marketing,13200000.00,249.7%
1271,Spectrum Direct (http://www.inc.com/inc5000/2009/company-profile.html?id=200912710),Mission Viejo,Advertising & Marketing,10300000.00,249.5%
1291,Robanda International (http://www.inc.com/inc5000/2009/company-profile.html?id=200912910),San Diego,Consumer Products & Services,6800000.00,245.4%
1294,Gorilla Nation (http://www.inc.com/inc5000/2009/company-profile.html?id=200912940),Los Angeles,Advertising & Marketing,60300000.00,244.7%
1305,DJO (http://www.inc.com/inc5000/2009/company-profile.html?id=200913050),Vista,Health,980200000.00,242.5%
1306,Beau-coup Favors (http://www.inc.com/inc5000/2009/company-profile.html?id=200913060),Mountain View,Retail,8100000.00,242.5%
1318,Netwoven (http://www.inc.com/inc5000/2009/company-profile.html?id=200913180),Pleasanton,IT Services,4200000.00,241.4%
1321,iFixit (http://www.inc.com/inc5000/2009/company-profile.html?id=200913210),Atascadero,Retail,2400000.00,240.8%
1329,3marketeers Advertising (http://www.inc.com/inc5000/2009/company-profile.html?id=200913290),San Jose,Advertising & Marketing,6300000.00,239.5%
1336,The Design People (http://www.inc.com/inc5000/2009/company-profile.html?id=200913360),El Segundo,Advertising & Marketing,7700000.00,238.9%
1337,Groupware Technology (http://www.inc.com/inc5000/2009/company-profile.html?id=200913370),Campbell,IT Services,104400000.00,238.5%
1338,ServiceSource (http://www.inc.com/inc5000/2009/company-profile.html?id=200913380),San Francisco,Business Products & Services,100300000.00,238.5%
1343,TV Ears (http://www.inc.com/inc5000/2009/company-profile.html?id=200913430),Spring Valley,Retail,15000000.00,237.8%
1347,Zhena's Gypsy Tea (http://www.inc.com/inc5000/2009/company-profile.html?id=200913470),Ojai,Consumer Products & Services,3500000.00,237%
1356,Nimsoft (http://www.inc.com/inc5000/2009/company-profile.html?id=200913560),Redwood City,IT Services,41500000.00,235.3%
1366,OpenTable (http://www.inc.com/inc5000/2009/company-profile.html?id=200913660),San Francisco,Food & Beverage,55800000.00,234.1%
1371,SGIS (http://www.inc.com/inc5000/2009/company-profile.html?id=200913710),San Diego,Government Services,88000000.00,232.8%
1386,Samovar Tea Lounge (http://www.inc.com/inc5000/2009/company-profile.html?id=200913860),San Francisco,Food & Beverage,2300000.00,230.9%
1392,Triton Pacific Capital Partners (http://www.inc.com/inc5000/2009/company-profile.html?id=200913920),Los Angeles,Financial Services,127300000.00,230%
1399,Traction (http://www.inc.com/inc5000/2009/company-profile.html?id=200913990),San Francisco,Advertising & Marketing,4400000.00,228.7%
1407,Processes Unlimited International (http://www.inc.com/inc5000/2009/company-profile.html?id=200914070),Bakersfield,Engineering,50900000.00,227.7%
1423,Sage Consulting Associates (http://www.inc.com/inc5000/2009/company-profile.html?id=200914230),San Francisco,Human Resources,10600000.00,224.5%
1438,Insight Environmental Engineering & Construction (http://www.inc.com/inc5000/2009/company-profile.html?id=200914380),Anaheim,Environmental Services,27800000.00,222.7%
1443,Nox Solutions (http://www.inc.com/inc5000/2009/company-profile.html?id=200914430),Los Angels,Media,1500000.00,221.9%
1446,MegaPath (http://www.inc.com/inc5000/2009/company-profile.html?id=200914460),Costa Mesa,Telecommunications,151000000.00,221.3%
1447,Applied Innovation Group (http://www.inc.com/inc5000/2009/company-profile.html?id=200914470),San Jose,Engineering,2100000.00,221.3%
1454,Infoyogi (http://www.inc.com/inc5000/2009/company-profile.html?id=200914540),Santa Clara,IT Services,4100000.00,220.7%
1457,Droisys (http://www.inc.com/inc5000/2009/company-profile.html?id=200914570),Santa Clara,IT Services,7700000.00,220.3%
1459,Kaleidescape (http://www.inc.com/inc5000/2009/company-profile.html?id=200914590),Sunnyvale,Consumer Products & Services,50100000.00,219.1%
1471,Production Robotics (http://www.inc.com/inc5000/2009/company-profile.html?id=200914710),San Leandro,Manufacturing,3400000.00,217.8%
1485,El Camino Charter Lines (http://www.inc.com/inc5000/2009/company-profile.html?id=200914850),South San Francisco,Logistics & Transportation,5900000.00,215.9%
1498,Plus Delta Consulting (http://www.inc.com/inc5000/2009/company-profile.html?id=200914980),Los Angeles,Business Products & Services,2200000.00,213.6%
1499,Seed Corn Advertising (http://www.inc.com/inc5000/2009/company-profile.html?id=200914990),Studio City,Advertising & Marketing,4900000.00,213.3%
1513,Aegis Film & Television Group (http://www.inc.com/inc5000/2009/company-profile.html?id=200915130),Los Angeles,Media,13200000.00,210.7%
1515,Gateworks (http://www.inc.com/inc5000/2009/company-profile.html?id=200915150),San Luis Obispo,Computer Hardware,3200000.00,210.5%
1517,Core Living (http://www.inc.com/inc5000/2009/company-profile.html?id=200915170),Costa Mesa,Consumer Products & Services,10300000.00,210.2%
1519,Ace Iron (http://www.inc.com/inc5000/2009/company-profile.html?id=200915190),Hayward,Construction,18600000.00,209.9%
1522,WeissComm Group (http://www.inc.com/inc5000/2009/company-profile.html?id=200915220),San Francisco,Health,25000000.00,209.3%
1526,Attack! Marketing & Promotions (http://www.inc.com/inc5000/2009/company-profile.html?id=200915260),San Francisco,Advertising & Marketing,3800000.00,208.8%
1557,Sentek Consulting (http://www.inc.com/inc5000/2009/company-profile.html?id=200915570),San Diego,Government Services,9100000.00,205.4%
1565,IC Engineering (http://www.inc.com/inc5000/2009/company-profile.html?id=200915650),San Ramon,Engineering,8200000.00,204.6%
1572,Sparkfactor Design (http://www.inc.com/inc5000/2009/company-profile.html?id=200915720),Palo Alto,Engineering,3900000.00,203.8%
1606,Accordent Technologies (http://www.inc.com/inc5000/2009/company-profile.html?id=200916060),El Segundo,Software,9000000.00,199.2%
1612,Segue (http://www.inc.com/inc5000/2009/company-profile.html?id=200916120),Foothill Ranch,Logistics & Transportation,15200000.00,198.5%
1626,Stone Brewing (http://www.inc.com/inc5000/2009/company-profile.html?id=200916260),Escondido,Food & Beverage,36900000.00,197.3%
1627,SQA Services (http://www.inc.com/inc5000/2009/company-profile.html?id=200916270),Rolling Hills Estates,Business Products & Services,16500000.00,197.2%
1637,Access Information Management (http://www.inc.com/inc5000/2009/company-profile.html?id=200916370),Pleasanton,Business Products & Services,21800000.00,196.2%
1640,Graphic Venue (http://www.inc.com/inc5000/2009/company-profile.html?id=200916400),El Segundo,Advertising & Marketing,3200000.00,195.6%
1641,ServePath (http://www.inc.com/inc5000/2009/company-profile.html?id=200916410),San Francisco,IT Services,21300000.00,195.6%
1655,CandyWarehouse.com (http://www.inc.com/inc5000/2009/company-profile.html?id=200916550),Irwindale,Retail,7700000.00,194.4%
1657,Digital Storm (http://www.inc.com/inc5000/2009/company-profile.html?id=200916570),Fremont,Computer Hardware,12500000.00,193.8%
1664,Merced Systems (http://www.inc.com/inc5000/2009/company-profile.html?id=200916640),Redwood Shores,Software,21600000.00,193.2%
1666,Merchant Services (http://www.inc.com/inc5000/2009/company-profile.html?id=200916660),Irvine,Financial Services,39400000.00,192.7%
1685,Wireless Emporium (http://www.inc.com/inc5000/2009/company-profile.html?id=200916850),Fullerton,Retail,3000000.00,189.8%
1688,Ameri-Kleen (http://www.inc.com/inc5000/2009/company-profile.html?id=200916880),Watsonville,Business Products & Services,9500000.00,189.4%
1691,Deep Surplus (http://www.inc.com/inc5000/2009/company-profile.html?id=200916910),Laguna Niguel,Computer Hardware,6600000.00,189.2%
1695,Moda Formalwear (http://www.inc.com/inc5000/2009/company-profile.html?id=200916950),North Hollywood,Retail,2100000.00,188.6%
1697,Via Trading (http://www.inc.com/inc5000/2009/company-profile.html?id=200916970),Lynwood,Consumer Products & Services,18900000.00,187.9%
1700,RagingWire Enterprise Solutions (http://www.inc.com/inc5000/2009/company-profile.html?id=200917000),Sacramento,IT Services,50800000.00,187.6%
1712,AirSplat (http://www.inc.com/inc5000/2009/company-profile.html?id=200917120),Arcadia,Retail,13400000.00,186.2%
1716,LogiGear (http://www.inc.com/inc5000/2009/company-profile.html?id=200917160),Foster City,IT Services,7200000.00,185.5%
1732,Nerds On Call (http://www.inc.com/inc5000/2009/company-profile.html?id=200917320),Redding,IT Services,2400000.00,183.7%
1755,Red Door Interactive (http://www.inc.com/inc5000/2009/company-profile.html?id=200917550),San Diego,Advertising & Marketing,8100000.00,180.5%
1756,Mailers Haven (http://www.inc.com/inc5000/2009/company-profile.html?id=200917560),Valencia,Business Products & Services,9400000.00,180.2%
1769,5.11 (http://www.inc.com/inc5000/2009/company-profile.html?id=200917690),Modesto,Consumer Products & Services,109100000.00,178.8%
1770,The I.T. Pros (http://www.inc.com/inc5000/2009/company-profile.html?id=200917700),San Diego,IT Services,4900000.00,178.8%
1772,DealerSocket (http://www.inc.com/inc5000/2009/company-profile.html?id=200917720),San Clemente,Software,11700000.00,178.7%
1776,AutoClaims Direct (http://www.inc.com/inc5000/2009/company-profile.html?id=200917760),Carlsbad,Insurance,3200000.00,178.5%
1799,Quagga (http://www.inc.com/inc5000/2009/company-profile.html?id=200917990),Folsom,Telecommunications,24900000.00,176.6%
1811,Yerba Buena Engineering & Construction (http://www.inc.com/inc5000/2009/company-profile.html?id=200918110),San Francisco,Construction,14600000.00,175.6%
1813,Advanced Brain Monitoring (http://www.inc.com/inc5000/2009/company-profile.html?id=200918130),Carlsbad,Health,3000000.00,175.6%
1817,Agilaire (http://www.inc.com/inc5000/2009/company-profile.html?id=200918170),Redwood City,Business Products & Services,13900000.00,175.2%
1822,TriNet (http://www.inc.com/inc5000/2009/company-profile.html?id=200918220),San Leandro,Human Resources,5200000.00,174.5%
1823,Trinet Internet Solutions (http://www.inc.com/inc5000/2009/company-profile.html?id=200918230),Irvine,IT Services,5200000.00,174.5%
1825,Meredith Digital (http://www.inc.com/inc5000/2009/company-profile.html?id=200918250),Santa Ana,IT Services,4800000.00,174.4%
1834,NET Systems (http://www.inc.com/inc5000/2009/company-profile.html?id=200918340),Irvine,Computer Hardware,17100000.00,173.9%
1836,Clear Capital (http://www.inc.com/inc5000/2009/company-profile.html?id=200918360),Truckee,Real Estate,74800000.00,173.5%
1847,LightWorks Optics (http://www.inc.com/inc5000/2009/company-profile.html?id=200918470),Tustin,Manufacturing,14100000.00,172.3%
1852,Access Capital (http://www.inc.com/inc5000/2009/company-profile.html?id=200918520),Tustin,Financial Services,2400000.00,172.1%
1854,Coverity (http://www.inc.com/inc5000/2009/company-profile.html?id=200918540),San Francisco,Software,19700000.00,172%
1857,WebMetro (http://www.inc.com/inc5000/2009/company-profile.html?id=200918570),San Dimas,Advertising & Marketing,10100000.00,171.9%
1861,Jinx (http://www.inc.com/inc5000/2009/company-profile.html?id=200918610),Poway,Retail,7000000.00,171.3%
1871,Oversee.net (http://www.inc.com/inc5000/2009/company-profile.html?id=200918710),Los Angeles,Advertising & Marketing,208900000.00,170.5%
1878,Laritech (http://www.inc.com/inc5000/2009/company-profile.html?id=200918780),Moorpark,Manufacturing,3100000.00,169.7%
1885,Qualys (http://www.inc.com/inc5000/2009/company-profile.html?id=200918850),Redwood Shores,Security,50300000.00,169%
1894,Dollar Baby (http://www.inc.com/inc5000/2009/company-profile.html?id=200918940),Montebello,Consumer Products & Services,27600000.00,167.8%
1901,CallTower (http://www.inc.com/inc5000/2009/company-profile.html?id=200919010),San Francisco,Telecommunications,12700000.00,167.3%
1913,BizQuest (http://www.inc.com/inc5000/2009/company-profile.html?id=200919130),Pasadena,Advertising & Marketing,2000000.00,166.4%
1926,Fortinet (http://www.inc.com/inc5000/2009/company-profile.html?id=200919260),Sunnyvale,Security,211800000.00,165.3%
1942,AWSI (http://www.inc.com/inc5000/2009/company-profile.html?id=200919420),Tustin,Human Resources,7400000.00,164.2%
1956,GIS Planning (http://www.inc.com/inc5000/2009/company-profile.html?id=200919560),San Francisco,Software,4000000.00,163.2%
1961,Hot Studio (http://www.inc.com/inc5000/2009/company-profile.html?id=200919610),San Francisco,Advertising & Marketing,6500000.00,162.8%
1962,Foot Petals (http://www.inc.com/inc5000/2009/company-profile.html?id=200919620),Long Beach,Consumer Products & Services,8100000.00,162.8%
1963,KHN Solutions (http://www.inc.com/inc5000/2009/company-profile.html?id=200919630),San Francisco,Consumer Products & Services,3600000.00,162.6%
1985,Davis Trucking (http://www.inc.com/inc5000/2009/company-profile.html?id=200919850),San Diego,Logistics & Transportation,15300000.00,161.1%
1993,Page One Public Relations (http://www.inc.com/inc5000/2009/company-profile.html?id=200919930),Palo Alto,Advertising & Marketing,4500000.00,160.5%
1994,Option Investments (http://www.inc.com/inc5000/2009/company-profile.html?id=200919940),Irvine,Financial Services,8200000.00,160.3%
1996,TelePacific Communications (http://www.inc.com/inc5000/2009/company-profile.html?id=200919960),Los Angeles,Telecommunications,443900000.00,159.8%
1998,Wiredrive (http://www.inc.com/inc5000/2009/company-profile.html?id=200919980),Marina del Rey,Software,2900000.00,159.6%
2001,The FruitGuys (http://www.inc.com/inc5000/2009/company-profile.html?id=200920010),South San Francisco,Food & Beverage,7700000.00,159.5%
2002,KingLinen (http://www.inc.com/inc5000/2009/company-profile.html?id=200920020),Fontana,Retail,6300000.00,159.3%
2004,Wpromote (http://www.inc.com/inc5000/2009/company-profile.html?id=200920040),El Segundo,Advertising & Marketing,7100000.00,159.1%
2019,Quake Global (http://www.inc.com/inc5000/2009/company-profile.html?id=200920190),San Diego,Telecommunications,20200000.00,157.8%
2023,Vocera Communications (http://www.inc.com/inc5000/2009/company-profile.html?id=200920230),San Jose,Computer Hardware,39800000.00,157.3%
2032,Partners Consulting Services (http://www.inc.com/inc5000/2009/company-profile.html?id=200920320),Buena Park,IT Services,68100000.00,156.9%
2033,On Board Entertainment (http://www.inc.com/inc5000/2009/company-profile.html?id=200920330),Sausalito,Advertising & Marketing,14400000.00,156.9%
2043,People Creating Success (http://www.inc.com/inc5000/2009/company-profile.html?id=200920430),Ventura,Health,9800000.00,156%
2048,Labor Law Center (http://www.inc.com/inc5000/2009/company-profile.html?id=200920480),Garden Grove,Human Resources,4200000.00,155.6%
2062,Area51-ESG (http://www.inc.com/inc5000/2009/company-profile.html?id=200920620),Irvine,Computer Hardware,20900000.00,154.4%
2068,Montesquieu (http://www.inc.com/inc5000/2009/company-profile.html?id=200920680),San Diego,Food & Beverage,23600000.00,153.9%
2070,United Staffing Associates (http://www.inc.com/inc5000/2009/company-profile.html?id=200920700),San Luis Obispo,Human Resources,35800000.00,153.7%
2071,Lightspeed Systems (http://www.inc.com/inc5000/2009/company-profile.html?id=200920710),Bakersfield,Software,10700000.00,153.7%
2076,Milestone (http://www.inc.com/inc5000/2009/company-profile.html?id=200920760),Fremont,IT Services,21200000.00,153.1%
2087,Power Chord Academy (http://www.inc.com/inc5000/2009/company-profile.html?id=200920870),Los Angeles,Education,2600000.00,152.4%
2090,LMR Solutions (http://www.inc.com/inc5000/2009/company-profile.html?id=200920900),Carlsbad,IT Services,5400000.00,152.2%
2102,Preludesys (http://www.inc.com/inc5000/2009/company-profile.html?id=200921020),Diamond Bar,IT Services,13200000.00,151.1%
2114,Roys & Associates (http://www.inc.com/inc5000/2009/company-profile.html?id=200921140),Redondo Beach,Human Resources,3100000.00,150%
2118,SRS Engineering (http://www.inc.com/inc5000/2009/company-profile.html?id=200921180),Murrieta,Energy,5400000.00,149.8%
2133,Fraser Communications (http://www.inc.com/inc5000/2009/company-profile.html?id=200921330),Los Angeles,Advertising & Marketing,42000000.00,148.6%
2174,Nutiva (http://www.inc.com/inc5000/2009/company-profile.html?id=200921740),Santa Paula,Food & Beverage,6500000.00,145.2%
2178,Emergent Medical Associates (http://www.inc.com/inc5000/2009/company-profile.html?id=200921780),Manhattan Beach,Health,2500000.00,145.1%
2183,PrintRunner (http://www.inc.com/inc5000/2009/company-profile.html?id=200921830),Chatsworth,Business Products & Services,9300000.00,144.7%
2187,CustomWeather (http://www.inc.com/inc5000/2009/company-profile.html?id=200921870),San Francisco,Media,2100000.00,144.4%
2190,Precision Swiss Products (http://www.inc.com/inc5000/2009/company-profile.html?id=200921900),Milpitas,Manufacturing,4800000.00,144.3%
2214,Altus Learning Systems (http://www.inc.com/inc5000/2009/company-profile.html?id=200922140),Los Gatos,Software,5800000.00,142%
2215,WebVisible (http://www.inc.com/inc5000/2009/company-profile.html?id=200922150),Irvine,Advertising & Marketing,10700000.00,141.8%
2227,Kelton Research (http://www.inc.com/inc5000/2009/company-profile.html?id=200922270),Culver City,Advertising & Marketing,7100000.00,140.8%
2235,Par Avion Travel (http://www.inc.com/inc5000/2009/company-profile.html?id=200922350),Los Angeles,Travel,21200000.00,140.2%
2239,ICSN (http://www.inc.com/inc5000/2009/company-profile.html?id=200922390),Riverside,Manufacturing,10900000.00,139.8%
2244,Martin Brothers Construction (http://www.inc.com/inc5000/2009/company-profile.html?id=200922440),Sacramento,Construction,3400000.00,139.5%
2253,Enterprise Security (http://www.inc.com/inc5000/2009/company-profile.html?id=200922530),Anaheim,Security,4300000.00,138.9%
2260,Humble Abode (http://www.inc.com/inc5000/2009/company-profile.html?id=200922600),Santa Rosa,Retail,3600000.00,138.2%
2262,APS Lighting & Safety Products (http://www.inc.com/inc5000/2009/company-profile.html?id=200922620),San Diego,Construction,6100000.00,138%
2269,Fleet Management Solutions (http://www.inc.com/inc5000/2009/company-profile.html?id=200922690),San Luis Obispo,Logistics & Transportation,5200000.00,137.6%
2274,Space Micro (http://www.inc.com/inc5000/2009/company-profile.html?id=200922740),San Diego,Government Services,4200000.00,137%
2279,Adia Kibur Accessories (http://www.inc.com/inc5000/2009/company-profile.html?id=200922790),Alhambra,Consumer Products & Services,2300000.00,136.5%
2290,GlobalEnglish (http://www.inc.com/inc5000/2009/company-profile.html?id=200922900),Brisbane,Business Products & Services,28600000.00,135.3%
2296,Loop'd Network (http://www.inc.com/inc5000/2009/company-profile.html?id=200922960),San Diego,Media,2000000.00,134.9%
2297,Galaxy Desserts (http://www.inc.com/inc5000/2009/company-profile.html?id=200922970),Richmond,Food & Beverage,20200000.00,134.8%
2300,RehabAbilities (http://www.inc.com/inc5000/2009/company-profile.html?id=200923000),Rancho Cucamonga,Health,8100000.00,134.4%
2306,Evocative (http://www.inc.com/inc5000/2009/company-profile.html?id=200923060),Emeryville,IT Services,3000000.00,133.8%
2321,Providea (http://www.inc.com/inc5000/2009/company-profile.html?id=200923210),Camarillo,Telecommunications,34200000.00,132.2%
2324,Bruce Clay (http://www.inc.com/inc5000/2009/company-profile.html?id=200923240),Moorpark,Advertising & Marketing,5200000.00,132.1%
2337,Akraya (http://www.inc.com/inc5000/2009/company-profile.html?id=200923370),Sunnyvale,IT Services,28000000.00,131.1%
2344,Cable Manufacturing Business (http://www.inc.com/inc5000/2009/company-profile.html?id=200923440),Huntington Beach,Computer Hardware,3700000.00,130.6%
2349,Silverado Systems (http://www.inc.com/inc5000/2009/company-profile.html?id=200923490),Folsom,IT Services,2700000.00,130.4%
2353,Apex Contracting & Restoration (http://www.inc.com/inc5000/2009/company-profile.html?id=200923530),San Diego,Construction,6300000.00,129.9%
2363,Relectric (http://www.inc.com/inc5000/2009/company-profile.html?id=200923630),San Jose,Construction,8500000.00,129.2%
2370,Advecor (http://www.inc.com/inc5000/2009/company-profile.html?id=200923700),San Diego,Advertising & Marketing,11300000.00,129%
2374,Nothing To Do LLC dba Healthwise (http://www.inc.com/inc5000/2009/company-profile.html?id=200923740),Sacramento,Consumer Products & Services,5900000.00,128.8%
2377,CPI Solutions (http://www.inc.com/inc5000/2009/company-profile.html?id=200923770),Camarillo,IT Services,15200000.00,128.6%
2384,Bleu Marketing Solutions (http://www.inc.com/inc5000/2009/company-profile.html?id=200923840),San Francisco,Advertising & Marketing,4900000.00,127.8%
2401,Knock Knock (http://www.inc.com/inc5000/2009/company-profile.html?id=200924010),Venice,Consumer Products & Services,6200000.00,126.5%
2407,Rumsey Engineers (http://www.inc.com/inc5000/2009/company-profile.html?id=200924070),Oakland,Engineering,5200000.00,125.7%
2417,Backyard X-Scapes (http://www.inc.com/inc5000/2009/company-profile.html?id=200924170),San Diego,Retail,3200000.00,125%
2422,Orchard Hotels (http://www.inc.com/inc5000/2009/company-profile.html?id=200924220),San Francisco,Travel,11600000.00,124.6%
2432,Geary Interactive (http://www.inc.com/inc5000/2009/company-profile.html?id=200924320),San Diego,Advertising & Marketing,21100000.00,124.1%
2433,SpaEquip (http://www.inc.com/inc5000/2009/company-profile.html?id=200924330),Calistoga,Business Products & Services,15400000.00,124.1%
2435,Allison & Partners (http://www.inc.com/inc5000/2009/company-profile.html?id=200924350),San Francisco,Advertising & Marketing,12200000.00,124%
2442,Webhost4life (http://www.inc.com/inc5000/2009/company-profile.html?id=200924420),Monterey Park,IT Services,6700000.00,123.7%
2450,Payment Processing (http://www.inc.com/inc5000/2009/company-profile.html?id=200924500),Newark,Financial Services,137800000.00,123.3%
2452,Account Control Technology (http://www.inc.com/inc5000/2009/company-profile.html?id=200924520),Canoga Park,Financial Services,18100000.00,123.2%
2461,StyleWest (http://www.inc.com/inc5000/2009/company-profile.html?id=200924610),Oxnard,Consumer Products & Services,12800000.00,122.5%
2471,LiveOffice (http://www.inc.com/inc5000/2009/company-profile.html?id=200924710),Torrance,Business Products & Services,22400000.00,121.9%
2489,Triune Technologies (http://www.inc.com/inc5000/2009/company-profile.html?id=200924890),San Jose,IT Services,12200000.00,121%
2494,Meras Engineering (http://www.inc.com/inc5000/2009/company-profile.html?id=200924940),San Francisco,Engineering,4100000.00,120.5%
2500,NorthStar Moving & Storage (http://www.inc.com/inc5000/2009/company-profile.html?id=200925000),Chatsworth,Logistics & Transportation,7600000.00,120.1%
2507,Astek Wallcovering (http://www.inc.com/inc5000/2009/company-profile.html?id=200925070),Van Nuys,Consumer Products & Services,8600000.00,119.8%
2510,Originate Labs (http://www.inc.com/inc5000/2009/company-profile.html?id=200925100),San Mateo,Engineering,2500000.00,119.5%
2511,Red Cloud Promotions (http://www.inc.com/inc5000/2009/company-profile.html?id=200925110),Los Angeles,Business Products & Services,6200000.00,119.4%
2521,IQ Pipeline (http://www.inc.com/inc5000/2009/company-profile.html?id=200925210),San Diego,Human Resources,5000000.00,118.7%
2533,Hired Hands (http://www.inc.com/inc5000/2009/company-profile.html?id=200925330),Novato,Health,3600000.00,117.9%
2538,Crimson Consulting Group (http://www.inc.com/inc5000/2009/company-profile.html?id=200925380),Los Altos,Advertising & Marketing,10400000.00,117.7%
2543,Althea Technologies (http://www.inc.com/inc5000/2009/company-profile.html?id=200925430),San Diego,Health,30300000.00,117.5%
2560,Sun Light & Power (http://www.inc.com/inc5000/2009/company-profile.html?id=200925600),Berkeley,Energy,13600000.00,116.5%
2573,WideOrbit (http://www.inc.com/inc5000/2009/company-profile.html?id=200925730),San Francsico,Software,21100000.00,115.7%
2582,People's Care (http://www.inc.com/inc5000/2009/company-profile.html?id=200925820),West Covina,Health,11300000.00,115.2%
2585,CalPOP.com (http://www.inc.com/inc5000/2009/company-profile.html?id=200925850),Los Angeles,Telecommunications,4700000.00,115%
2605,NPI Solutions (http://www.inc.com/inc5000/2009/company-profile.html?id=200926050),San Jose,Manufacturing,6000000.00,113.7%
2613,XIFIN (http://www.inc.com/inc5000/2009/company-profile.html?id=200926130),San Diego,Health,9100000.00,113.2%
2644,MTCSC (http://www.inc.com/inc5000/2009/company-profile.html?id=200926440),Chula Vista,Government Services,72800000.00,111.9%
2650,BikeBandit.com (http://www.inc.com/inc5000/2009/company-profile.html?id=200926500),San Diego,Retail,27200000.00,111.7%
2655,Superior Press (http://www.inc.com/inc5000/2009/company-profile.html?id=200926550),Santa Fe Springs,Financial Services,17400000.00,111.3%
2665,Cal Net Technology Group (http://www.inc.com/inc5000/2009/company-profile.html?id=200926650),Northridge,IT Services,9100000.00,110.5%
2667,Nextrials (http://www.inc.com/inc5000/2009/company-profile.html?id=200926670),San Ramon,Health,5400000.00,110.2%
2673,SADA Systems (http://www.inc.com/inc5000/2009/company-profile.html?id=200926730),North Hollywood,IT Services,3000000.00,109.9%
2675,Wilshire Connection (http://www.inc.com/inc5000/2009/company-profile.html?id=200926750),Los Angeles,Telecommunications,5500000.00,109.8%
2677,M S International (http://www.inc.com/inc5000/2009/company-profile.html?id=200926770),Orange,Construction,261400000.00,109.6%
2681,People Media (http://www.inc.com/inc5000/2009/company-profile.html?id=200926810),Hollywood,Media,30700000.00,109.4%
2687,LifeScript (http://www.inc.com/inc5000/2009/company-profile.html?id=200926870),Mission Viejo,Health,22800000.00,109.1%
2693,Discount Two-Way Radio (http://www.inc.com/inc5000/2009/company-profile.html?id=200926930),Torrance,Telecommunications,5100000.00,108.6%
2711,Mellace Family Brands (http://www.inc.com/inc5000/2009/company-profile.html?id=200927110),Carlsbad,Food & Beverage,19600000.00,107.5%
2725,Jensen Audio Visual (http://www.inc.com/inc5000/2009/company-profile.html?id=200927250),Santa Barbara,Retail,9100000.00,106.6%
2731,Winery Exchange (http://www.inc.com/inc5000/2009/company-profile.html?id=200927310),Novato,Food & Beverage,67400000.00,106.2%
2737,Microcom Technologies (http://www.inc.com/inc5000/2009/company-profile.html?id=200927370),Calabasas,Telecommunications,10900000.00,105.9%
2751,SmartDraw.com (http://www.inc.com/inc5000/2009/company-profile.html?id=200927510),San Diego,Software,14800000.00,105%
2762,Accolo (http://www.inc.com/inc5000/2009/company-profile.html?id=200927620),Larkspur,Human Resources,6400000.00,104.3%
2763,BQE Software (http://www.inc.com/inc5000/2009/company-profile.html?id=200927630),Torrance,Software,3100000.00,104.3%
2766,Diversified Technical Systems (http://www.inc.com/inc5000/2009/company-profile.html?id=200927660),Seal Beach,Engineering,9700000.00,104.2%
2770,Accessory Geeks (http://www.inc.com/inc5000/2009/company-profile.html?id=200927700),Walnut,Retail,3400000.00,103.7%
2775,Vendio/Dealio (http://www.inc.com/inc5000/2009/company-profile.html?id=200927750),San Mateo,Business Products & Services,13600000.00,103.5%
2778,Montbleau & Associates (http://www.inc.com/inc5000/2009/company-profile.html?id=200927780),San Diego,Manufacturing,28100000.00,103.3%
2785,Nexus IS (http://www.inc.com/inc5000/2009/company-profile.html?id=200927850),Valencia,IT Services,168000000.00,102.8%
2802,System Pavers (http://www.inc.com/inc5000/2009/company-profile.html?id=200928020),NEWPORT BEACH,Construction,86500000.00,102.1%
2805,The Ascent Services Group (http://www.inc.com/inc5000/2009/company-profile.html?id=200928050),Walnut Creek,IT Services,51800000.00,101.9%
2806,Columbia Specialty (http://www.inc.com/inc5000/2009/company-profile.html?id=200928060),Paramount,Manufacturing,22600000.00,101.8%
2816,Greenerprinter (http://www.inc.com/inc5000/2009/company-profile.html?id=200928160),Berkeley,Business Products & Services,6400000.00,101.4%
2827,NexLevel Information Technology (http://www.inc.com/inc5000/2009/company-profile.html?id=200928270),Rancho Cordova,IT Services,3500000.00,100.6%
2834,Filmtools (http://www.inc.com/inc5000/2009/company-profile.html?id=200928340),Burbank,Media,9300000.00,100.2%
2835,Avanti Restaurant Solutions (http://www.inc.com/inc5000/2009/company-profile.html?id=200928350),Sacramento,Construction,6400000.00,100.2%
2837,Prometheus Laboratories (http://www.inc.com/inc5000/2009/company-profile.html?id=200928370),San Diego,Health,278100000.00,100.1%
2842,STM Bags (http://www.inc.com/inc5000/2009/company-profile.html?id=200928420),Poway,Consumer Products & Services,2200000.00,100%
2843,Quova (http://www.inc.com/inc5000/2009/company-profile.html?id=200928430),Mountain View,Software,14700000.00,100%
2854,The Online 401(k) (http://www.inc.com/inc5000/2009/company-profile.html?id=200928540),San Francisco,Business Products & Services,4200000.00,99.6%
2860,KOR Electronics (http://www.inc.com/inc5000/2009/company-profile.html?id=200928600),Cypress,Government Services,2900000.00,99.2%
2865,e-Storm International (http://www.inc.com/inc5000/2009/company-profile.html?id=200928650),San Francisco,Advertising & Marketing,3200000.00,98.9%
2866,RMA Land Construction (http://www.inc.com/inc5000/2009/company-profile.html?id=200928660),Anaheim,Construction,43500000.00,98.9%
2871,The Linc Group (http://www.inc.com/inc5000/2009/company-profile.html?id=200928710),Irvine,Environmental Services,581900000.00,98.7%
2897,Plasmid Media (http://www.inc.com/inc5000/2009/company-profile.html?id=200928970),Torrance,Advertising & Marketing,2300000.00,96.8%
2898,Systems Paving (http://www.inc.com/inc5000/2009/company-profile.html?id=200928980),Newport Beach,Construction,86500000.00,96.7%
2905,nCircle (http://www.inc.com/inc5000/2009/company-profile.html?id=200929050),San Francisco,Software,17500000.00,96.4%
2911,All Sensors (http://www.inc.com/inc5000/2009/company-profile.html?id=200929110),Morgan Hill,Manufacturing,8800000.00,96.2%
2925,NTH Generation Computing (http://www.inc.com/inc5000/2009/company-profile.html?id=200929250),San Diego,IT Services,39400000.00,95.7%
2927,Dynamic Automation (http://www.inc.com/inc5000/2009/company-profile.html?id=200929270),Simi Valley,Manufacturing,4500000.00,95.5%
2932,CHMB Solutions (http://www.inc.com/inc5000/2009/company-profile.html?id=200929320),Escondido,Health,10300000.00,95.4%
2935,CKR Interactive (http://www.inc.com/inc5000/2009/company-profile.html?id=200929350),Cupertino,Advertising & Marketing,11700000.00,95.3%
2942,Rightway Gate (http://www.inc.com/inc5000/2009/company-profile.html?id=200929420),Carlsbad,IT Services,3100000.00,94.9%
2945,Submit Express (http://www.inc.com/inc5000/2009/company-profile.html?id=200929450),Burbank,Advertising & Marketing,5200000.00,94.6%
2950,Spohn Ranch (http://www.inc.com/inc5000/2009/company-profile.html?id=200929500),Industry,Construction,4800000.00,94.5%
2978,Stock & Option Solutions (http://www.inc.com/inc5000/2009/company-profile.html?id=200929780),San Jose,Financial Services,10200000.00,93.3%
2979,Pointandship Software (http://www.inc.com/inc5000/2009/company-profile.html?id=200929790),Walnut Creek,Software,50600000.00,93.3%
2980,Advanced Planning Services (http://www.inc.com/inc5000/2009/company-profile.html?id=200929800),San Diego,Financial Services,24300000.00,93.2%
2983,Squar Milner (http://www.inc.com/inc5000/2009/company-profile.html?id=200929830),Newport Beach,Financial Services,38400000.00,93.1%
2984,Biocare Medical (http://www.inc.com/inc5000/2009/company-profile.html?id=200929840),Concord,Health,19500000.00,93.1%
3018,Pacific Toll Processing (http://www.inc.com/inc5000/2009/company-profile.html?id=200930180),Carson,Manufacturing,23900000.00,91.1%
3019,T&T Solutions (http://www.inc.com/inc5000/2009/company-profile.html?id=200930190),Woodland Hills,IT Services,3400000.00,91.1%
3025,Sew What? (http://www.inc.com/inc5000/2009/company-profile.html?id=200930250),Rancho Dominguez,Manufacturing,4500000.00,90.8%
3044,Beauty Supply Warehouse (http://www.inc.com/inc5000/2009/company-profile.html?id=200930440),Torrance,Retail,16000000.00,89.8%
3049,Xtelesis (http://www.inc.com/inc5000/2009/company-profile.html?id=200930490),Burlingame,Telecommunications,5400000.00,89.5%
3062,BRS Media (http://www.inc.com/inc5000/2009/company-profile.html?id=200930620),San Francisco,Media,2100000.00,88.7%
3069,Serpa Packaging Solutions (http://www.inc.com/inc5000/2009/company-profile.html?id=200930690),Visalia,Manufacturing,13300000.00,88.4%
3071,Europrint (http://www.inc.com/inc5000/2009/company-profile.html?id=200930710),Fountain Valley,Advertising & Marketing,3200000.00,88.2%
3076,Principal Technical Services (http://www.inc.com/inc5000/2009/company-profile.html?id=200930760),Irvine,Human Resources,41000000.00,88.1%
3095,United Payment Services (http://www.inc.com/inc5000/2009/company-profile.html?id=200930950),Westlake Village,Financial Services,3000000.00,87.4%
3110,Bay Area High Reach (http://www.inc.com/inc5000/2009/company-profile.html?id=200931100),Hayward,Construction,4800000.00,86.3%
3114,Sunshine Rentals (http://www.inc.com/inc5000/2009/company-profile.html?id=200931140),Vista,Business Products & Services,2000000.00,86.1%
3117,Ultimo Software Solutions (http://www.inc.com/inc5000/2009/company-profile.html?id=200931170),San Jose,IT Services,5600000.00,86.1%
3121,Voce Communications (http://www.inc.com/inc5000/2009/company-profile.html?id=200931210),Sunnyvale,Advertising & Marketing,7400000.00,86%
3135,General Ledger Resources (http://www.inc.com/inc5000/2009/company-profile.html?id=200931350),San Diego,Human Resources,3400000.00,85.2%
3139,Toners Plus (http://www.inc.com/inc5000/2009/company-profile.html?id=200931390),Glendale,IT Services,2800000.00,84.8%
3140,PLCs Plus International (http://www.inc.com/inc5000/2009/company-profile.html?id=200931400),Bakersfield,Manufacturing,8200000.00,84.8%
3141,Proforma Marketing Agency (http://www.inc.com/inc5000/2009/company-profile.html?id=200931410),Danville,Advertising & Marketing,2200000.00,84.8%
3161,Trofholz Technologies (http://www.inc.com/inc5000/2009/company-profile.html?id=200931610),Rocklin,IT Services,23000000.00,83.9%
3168,Equilar (http://www.inc.com/inc5000/2009/company-profile.html?id=200931680),Redwood Shores,Business Products & Services,8100000.00,83.8%
3169,XEI Scientific (http://www.inc.com/inc5000/2009/company-profile.html?id=200931690),Redwood City,Manufacturing,2100000.00,83.7%
3170,WhatSheBuys (Premier Product Sales) (http://www.inc.com/inc5000/2009/company-profile.html?id=200931700),San Gabriel,Retail,4700000.00,83.7%
3184,Outsource Partners International (http://www.inc.com/inc5000/2009/company-profile.html?id=200931840),Los Angeles,Financial Services,65100000.00,83.4%
3205,Idea Hall (http://www.inc.com/inc5000/2009/company-profile.html?id=200932050),Costa Mesa,Advertising & Marketing,2700000.00,82.3%
3207,Kimpton Hotels and Restaurants (http://www.inc.com/inc5000/2009/company-profile.html?id=200932070),San Francisco,Travel,637400000.00,82.1%
3215,Spark Public Relations (http://www.inc.com/inc5000/2009/company-profile.html?id=200932150),San Francisco,Advertising & Marketing,7300000.00,81.8%
3230,Coverall Mountain & Pacific (http://www.inc.com/inc5000/2009/company-profile.html?id=200932300),Carpinteria,Business Products & Services,19800000.00,81.1%
3238,LFA Group (http://www.inc.com/inc5000/2009/company-profile.html?id=200932380),San Francisco,Business Products & Services,2300000.00,80.7%
3246,Dr. Fresh (http://www.inc.com/inc5000/2009/company-profile.html?id=200932460),Buena Park,Consumer Products & Services,43500000.00,79.9%
3259,Macias Gini & O'Connell (http://www.inc.com/inc5000/2009/company-profile.html?id=200932590),Sacramento,Financial Services,25900000.00,79.5%
3262,WAGIC (http://www.inc.com/inc5000/2009/company-profile.html?id=200932620),Los Gatos,Consumer Products & Services,14500000.00,79.4%
3269,BankServ (http://www.inc.com/inc5000/2009/company-profile.html?id=200932690),San Francisco,Financial Services,28500000.00,79.1%
3271,Arborwell (http://www.inc.com/inc5000/2009/company-profile.html?id=200932710),Hayward,Construction,11800000.00,78.9%
3274,Accruent (http://www.inc.com/inc5000/2009/company-profile.html?id=200932740),Santa Monica,Software,32600000.00,78.8%
3285,Numi Organic Tea (http://www.inc.com/inc5000/2009/company-profile.html?id=200932850),Oakland,Food & Beverage,12500000.00,78.2%
3289,Nowcom Corporation (http://www.inc.com/inc5000/2009/company-profile.html?id=200932890),Los Angeles,Financial Services,172900000.00,78.1%
3312,El Clasificado (http://www.inc.com/inc5000/2009/company-profile.html?id=200933120),Los Angeles,Media,12900000.00,76.9%
3314,FinancialContent Services (http://www.inc.com/inc5000/2009/company-profile.html?id=200933140),Foster City,Media,2700000.00,76.8%
3318,National Expert Witness Network (http://www.inc.com/inc5000/2009/company-profile.html?id=200933180),Paradise,Business Products & Services,5900000.00,76.6%
3341,AdvanTel Networks (http://www.inc.com/inc5000/2009/company-profile.html?id=200933410),San Jose,Telecommunications,23800000.00,75.5%
3346,49er Communications (http://www.inc.com/inc5000/2009/company-profile.html?id=200933460),Nevada City,Retail,2100000.00,75.4%
3358,Entertainment Earth (http://www.inc.com/inc5000/2009/company-profile.html?id=200933580),North Hollywood,Retail,13700000.00,75.1%
3361,Network Hardware Resale (http://www.inc.com/inc5000/2009/company-profile.html?id=200933610),Santa Barbara,Computer Hardware,184000000.00,75%
3380,Century Bankcard Services (http://www.inc.com/inc5000/2009/company-profile.html?id=200933800),Chatsworth,Financial Services,12900000.00,74.2%
3385,Discretix (http://www.inc.com/inc5000/2009/company-profile.html?id=200933850),San Mateo,Security,11200000.00,74%
3394,PhilippeBecker (http://www.inc.com/inc5000/2009/company-profile.html?id=200933940),San Francisco,Advertising & Marketing,4200000.00,73.5%
3396,iSpace (http://www.inc.com/inc5000/2009/company-profile.html?id=200933960),El Segundo,IT Services,17400000.00,73.5%
3402,One Stop Systems (http://www.inc.com/inc5000/2009/company-profile.html?id=200934020),Escondido,Computer Hardware,10400000.00,73.2%
3425,Mediachase (http://www.inc.com/inc5000/2009/company-profile.html?id=200934250),Los Angeles,Software,7300000.00,72.2%
3496,Oak Hill Corporation (http://www.inc.com/inc5000/2009/company-profile.html?id=200934960),Sunnyvale,Business Products & Services,8300000.00,69.6%
3515,Rauxa Direct (http://www.inc.com/inc5000/2009/company-profile.html?id=200935150),Costa Mesa,Advertising & Marketing,74600000.00,68.7%
3522,Product Support Solutions (http://www.inc.com/inc5000/2009/company-profile.html?id=200935220),Dublin,IT Services,9100000.00,68.4%
3528,Synectic Solutions (http://www.inc.com/inc5000/2009/company-profile.html?id=200935280),Oxnard,Government Services,11300000.00,68.2%
3532,MiresBall (http://www.inc.com/inc5000/2009/company-profile.html?id=200935320),San Diego,Advertising & Marketing,6900000.00,68.1%
3538,Newegg.com (http://www.inc.com/inc5000/2009/company-profile.html?id=200935380),City of Industry,Retail,2100000000.00,67.9%
3541,Davies (http://www.inc.com/inc5000/2009/company-profile.html?id=200935410),Santa Barbara,Advertising & Marketing,12800000.00,67.8%
3544,Qual-Pro Corporation (http://www.inc.com/inc5000/2009/company-profile.html?id=200935440),Gardena,Manufacturing,21500000.00,67.7%
3545,Horsemen Investigations (http://www.inc.com/inc5000/2009/company-profile.html?id=200935450),Huntington Beach,Insurance,8200000.00,67.7%
3553,Pelican Products (http://www.inc.com/inc5000/2009/company-profile.html?id=200935530),Torrance,Manufacturing,175300000.00,67.4%
3556,MyOffice Facility Solutions (http://www.inc.com/inc5000/2009/company-profile.html?id=200935560),San Diego,Business Products & Services,5900000.00,67.2%
3568,Emplicity (http://www.inc.com/inc5000/2009/company-profile.html?id=200935680),Irvine,Human Resources,87500000.00,67%
3572,Heschong Mahone Group (http://www.inc.com/inc5000/2009/company-profile.html?id=200935720),Fair Oaks,Energy,4700000.00,66.8%
3578,Skyline Construction (http://www.inc.com/inc5000/2009/company-profile.html?id=200935780),San Francisco,Construction,100100000.00,66.7%
3600,Game Source (http://www.inc.com/inc5000/2009/company-profile.html?id=200936000),Los Angeles,Consumer Products & Services,29300000.00,65.8%
3660,Addis Creson (http://www.inc.com/inc5000/2009/company-profile.html?id=200936600),Berkeley,Advertising & Marketing,7000000.00,63.6%
3666,Cliniqa (http://www.inc.com/inc5000/2009/company-profile.html?id=200936660),San Marcos,Health,16600000.00,63.4%
3671,Alexx (http://www.inc.com/inc5000/2009/company-profile.html?id=200936710),West Hills,Consumer Products & Services,6600000.00,63.1%
3688,SmartReply (http://www.inc.com/inc5000/2009/company-profile.html?id=200936880),Irvine,Business Products & Services,11000000.00,62.5%
3711,The Armada Group (http://www.inc.com/inc5000/2009/company-profile.html?id=200937110),Santa Cruz,IT Services,13300000.00,61.5%
3723,KES (http://www.inc.com/inc5000/2009/company-profile.html?id=200937230),San Diego,Government Services,16100000.00,61%
3736,Blue Tech (http://www.inc.com/inc5000/2009/company-profile.html?id=200937360),San Diego,Government Services,66300000.00,60.6%
3746,EM-Assist (http://www.inc.com/inc5000/2009/company-profile.html?id=200937460),Folsom,Government Services,15100000.00,60.2%
3754,Indus Technology (http://www.inc.com/inc5000/2009/company-profile.html?id=200937540),San Diego,Government Services,27000000.00,60%
3760,Western Dovetail (http://www.inc.com/inc5000/2009/company-profile.html?id=200937600),Vallejo,Manufacturing,3100000.00,59.8%
3762,R. W. Garcia (http://www.inc.com/inc5000/2009/company-profile.html?id=200937620),San Jose,Food & Beverage,24600000.00,59.7%
3763,Network Automation (http://www.inc.com/inc5000/2009/company-profile.html?id=200937630),Los Angeles,Software,3700000.00,59.7%
3775,Thompson Brooks (http://www.inc.com/inc5000/2009/company-profile.html?id=200937750),San Francisco,Construction,17500000.00,59.3%
3789,Think Ink Marketing (http://www.inc.com/inc5000/2009/company-profile.html?id=200937890),Huntington Beach,Advertising & Marketing,7700000.00,58.8%
3816,Decision Toolbox (http://www.inc.com/inc5000/2009/company-profile.html?id=200938160),Irvine,Human Resources,3300000.00,58%
3820,All Covered (http://www.inc.com/inc5000/2009/company-profile.html?id=200938200),Redwood City,IT Services,50100000.00,57.8%
3821,Engineering/Remediation Resources Group (http://www.inc.com/inc5000/2009/company-profile.html?id=200938210),Concord,Engineering,35300000.00,57.7%
3841,Pacific Dental Services (http://www.inc.com/inc5000/2009/company-profile.html?id=200938410),Irvine,Health,280800000.00,57.1%
3845,Rich Limited (http://www.inc.com/inc5000/2009/company-profile.html?id=200938450),Oceanside,Business Products & Services,5300000.00,57%
3849,Extreme Pizza (http://www.inc.com/inc5000/2009/company-profile.html?id=200938490),San Francisco,Food & Beverage,20800000.00,56.9%
3851,Stellar Solutions (http://www.inc.com/inc5000/2009/company-profile.html?id=200938510),Palo Alto,Government Services,29300000.00,56.8%
3860,Terrio Therapy-Fitness (http://www.inc.com/inc5000/2009/company-profile.html?id=200938600),Bakersfield,Health,6800000.00,56.5%
3868,Prime Plastic Products (http://www.inc.com/inc5000/2009/company-profile.html?id=200938680),Vista,Environmental Services,7000000.00,56.3%
3903,Annie's (http://www.inc.com/inc5000/2009/company-profile.html?id=200939030),Napa,Food & Beverage,87700000.00,54.7%
3908,Eleven (http://www.inc.com/inc5000/2009/company-profile.html?id=200939080),San Francisco,Advertising & Marketing,13600000.00,54.4%
3909,Nautilus Environmental (http://www.inc.com/inc5000/2009/company-profile.html?id=200939090),San Diego,Environmental Services,3000000.00,54.4%
3915,Atrilogy Solutions Group (http://www.inc.com/inc5000/2009/company-profile.html?id=200939150),Irvine,IT Services,18300000.00,54.1%
3927,ClickAway Computers & Networking (http://www.inc.com/inc5000/2009/company-profile.html?id=200939270),Campbell,IT Services,3500000.00,53.5%
3929,Global Computer Solutions (http://www.inc.com/inc5000/2009/company-profile.html?id=200939290),Fremont,IT Services,1900000.00,53.4%
3961,A-1 Hospitality Products (http://www.inc.com/inc5000/2009/company-profile.html?id=200939610),Chatsworth,Business Products & Services,17200000.00,52.4%
3975,E-Poll Market Research (http://www.inc.com/inc5000/2009/company-profile.html?id=200939750),Encino,Media,4800000.00,51.6%
3976,LAgraphico (http://www.inc.com/inc5000/2009/company-profile.html?id=200939760),Burbank,Advertising & Marketing,49400000.00,51.5%
3986,El Paseo Limousine (http://www.inc.com/inc5000/2009/company-profile.html?id=200939860),Santa Clara,Logistics & Transportation,5200000.00,51.2%
3996,A Squared Group (http://www.inc.com/inc5000/2009/company-profile.html?id=200939960),West Hollywood,Advertising & Marketing,7200000.00,50.9%
4002,National Link (http://www.inc.com/inc5000/2009/company-profile.html?id=200940020),Glendora,Financial Services,34200000.00,50.6%
4008,Organize.com (http://www.inc.com/inc5000/2009/company-profile.html?id=200940080),Riverside,Retail,10300000.00,50.5%
4015,VitaDigest.com (http://www.inc.com/inc5000/2009/company-profile.html?id=200940150),Walnut,Health,9000000.00,50.4%
4018,Jackson Design and Remodeling (http://www.inc.com/inc5000/2009/company-profile.html?id=200940180),San Diego,Construction,6500000.00,50.2%
4029,Ameritac (http://www.inc.com/inc5000/2009/company-profile.html?id=200940290),Concord,Government Services,18900000.00,49.9%
4040,InVision Communications (http://www.inc.com/inc5000/2009/company-profile.html?id=200940400),Walnut Creek,Advertising & Marketing,39000000.00,49.6%
4055,Aeronet Worldwide (http://www.inc.com/inc5000/2009/company-profile.html?id=200940550),Irvine,Logistics & Transportation,72500000.00,48.8%
4084,Creative Tent International (http://www.inc.com/inc5000/2009/company-profile.html?id=200940840),Weed,Manufacturing,5200000.00,47.4%
4095,Equator Estate Coffees & Teas (http://www.inc.com/inc5000/2009/company-profile.html?id=200940950),San Rafael,Food & Beverage,4200000.00,47.1%
4106,Telescope (http://www.inc.com/inc5000/2009/company-profile.html?id=200941060),Santa Monica,Advertising & Marketing,18200000.00,46.5%
4110,LivHOME (http://www.inc.com/inc5000/2009/company-profile.html?id=200941100),Los Angeles,Health,52000000.00,46.4%
4118,Line 6 (http://www.inc.com/inc5000/2009/company-profile.html?id=200941180),Calabasas,Consumer Products & Services,100600000.00,46.1%
4128,Topaz Systems (http://www.inc.com/inc5000/2009/company-profile.html?id=200941280),Simi Valley,Computer Hardware,4600000.00,45.5%
4147,PeopleFinders.com (http://www.inc.com/inc5000/2009/company-profile.html?id=200941470),Sacramento,Consumer Products & Services,31200000.00,44.6%
4162,Exaktime (http://www.inc.com/inc5000/2009/company-profile.html?id=200941620),Calabasas,Business Products & Services,10500000.00,44.1%
4171,Trims Unlimited (http://www.inc.com/inc5000/2009/company-profile.html?id=200941710),Los Angeles,Advertising & Marketing,4600000.00,43.5%
4182,Sagient Research Systems (http://www.inc.com/inc5000/2009/company-profile.html?id=200941820),San Diego,Financial Services,4900000.00,43.2%
4195,Chemco Products (http://www.inc.com/inc5000/2009/company-profile.html?id=200941950),Paramount,Manufacturing,27500000.00,42.7%
4236,ProtoType Industries (http://www.inc.com/inc5000/2009/company-profile.html?id=200942360),Santa Monica,Business Products & Services,7200000.00,41.4%
4246,AAA Business Supplies & Interiors (http://www.inc.com/inc5000/2009/company-profile.html?id=200942460),San Francisco,Business Products & Services,16800000.00,41%
4247,Fetch Technologies (http://www.inc.com/inc5000/2009/company-profile.html?id=200942470),El Segundo,IT Services,4200000.00,40.9%
4250,Plastics Research (http://www.inc.com/inc5000/2009/company-profile.html?id=200942500),Ontario,Manufacturing,18800000.00,40.8%
4256,Carrillo Business Technologies (http://www.inc.com/inc5000/2009/company-profile.html?id=200942560),Westminster,IT Services,81900000.00,40.4%
4259,3E (http://www.inc.com/inc5000/2009/company-profile.html?id=200942590),Carlsbad,Environmental Services,47100000.00,40.2%
4268,Lock-N-Stitch (http://www.inc.com/inc5000/2009/company-profile.html?id=200942680),Turlock,Manufacturing,3300000.00,40.1%
4278,Prima Lighting (http://www.inc.com/inc5000/2009/company-profile.html?id=200942780),Santa Fe Springs,Consumer Products & Services,4500000.00,39.6%
4283,Technical Communities (http://www.inc.com/inc5000/2009/company-profile.html?id=200942830),San Bruno,Government Services,69800000.00,39.3%
4307,Micro Solutions Enterprises (http://www.inc.com/inc5000/2009/company-profile.html?id=200943070),Van Nuys,Business Products & Services,81700000.00,38.6%
4341,Faye Pollack & Associates (http://www.inc.com/inc5000/2009/company-profile.html?id=200943410),Encino,IT Services,5100000.00,37.7%
4343,Ritz Interactive (http://www.inc.com/inc5000/2009/company-profile.html?id=200943430),Irvine,Retail,30300000.00,37.7%
4357,Executive Clothiers (http://www.inc.com/inc5000/2009/company-profile.html?id=200943570),Los Angeles,Retail,4400000.00,37%
4359,Heateflex (http://www.inc.com/inc5000/2009/company-profile.html?id=200943590),Arcadia,Manufacturing,7300000.00,36.9%
4374,Lopez Tax Service (http://www.inc.com/inc5000/2009/company-profile.html?id=200943740),Salinas,Financial Services,2000000.00,36.5%
4384,Jimenez Custom Painting (http://www.inc.com/inc5000/2009/company-profile.html?id=200943840),Van Nuys,Construction,2300000.00,36%
4396,Cell Business Equipment (http://www.inc.com/inc5000/2009/company-profile.html?id=200943960),Irvine,Business Products & Services,14000000.00,35.3%
4400,Astreya Partners (http://www.inc.com/inc5000/2009/company-profile.html?id=200944000),Santa Clara,IT Services,18400000.00,35.2%
4403,Innovative Computing Systems (http://www.inc.com/inc5000/2009/company-profile.html?id=200944030),Torrance,IT Services,6500000.00,35.1%
4420,Valley Network Solutions (http://www.inc.com/inc5000/2009/company-profile.html?id=200944200),Fresno,IT Services,3900000.00,34.5%
4423,deb Construction (http://www.inc.com/inc5000/2009/company-profile.html?id=200944230),Anaheim,Construction,42800000.00,34.3%
4431,Rincon Consultants (http://www.inc.com/inc5000/2009/company-profile.html?id=200944310),Ventura,Environmental Services,9000000.00,34.2%
4444,Air Royale International (http://www.inc.com/inc5000/2009/company-profile.html?id=200944440),Los Angeles,Logistics & Transportation,24000000.00,33.3%
4445,Kingston Technology (http://www.inc.com/inc5000/2009/company-profile.html?id=200944450),Fountain Valley,Computer Hardware,4000000000.00,33.3%
4451,Premier Staffing (http://www.inc.com/inc5000/2009/company-profile.html?id=200944510),San Francisco,Human Resources,6300000.00,33.1%
4458,All Access Staging & Productions (http://www.inc.com/inc5000/2009/company-profile.html?id=200944580),Torrance,Media,8800000.00,32.9%
4475,dreamGEAR (http://www.inc.com/inc5000/2009/company-profile.html?id=200944750),Torrance,Manufacturing,35800000.00,32.3%
4483,Greenberg (http://www.inc.com/inc5000/2009/company-profile.html?id=200944830),Emeryville,Advertising & Marketing,8000000.00,31.9%
4498,All Phase Security (http://www.inc.com/inc5000/2009/company-profile.html?id=200944980),West Sacramento,Security,7200000.00,31.1%
4501,American Technologies (http://www.inc.com/inc5000/2009/company-profile.html?id=200945010),Orange,Construction,88000000.00,30.9%
4524,PromoShop (http://www.inc.com/inc5000/2009/company-profile.html?id=200945240),Los Angeles,Business Products & Services,31300000.00,29.9%
4527,BPO Systems (http://www.inc.com/inc5000/2009/company-profile.html?id=200945270),Walnut Creek,IT Services,2700000.00,29.7%
4532,Newsways Services (http://www.inc.com/inc5000/2009/company-profile.html?id=200945320),Los Angeles,Consumer Products & Services,32800000.00,29.4%
4537,Hardy Diagnostics (http://www.inc.com/inc5000/2009/company-profile.html?id=200945370),Santa Maria,Manufacturing,24300000.00,29.2%
4549,Opes Advisors (http://www.inc.com/inc5000/2009/company-profile.html?id=200945490),Palo Alto,Financial Services,5500000.00,28.3%
4565,The Ken Blanchard Companies (http://www.inc.com/inc5000/2009/company-profile.html?id=200945650),Escondido,Business Products & Services,57700000.00,27.7%
4579,Beauty Encounter (http://www.inc.com/inc5000/2009/company-profile.html?id=200945790),Huntington Beach,Retail,18700000.00,26.9%
4583,Global Business Centers (http://www.inc.com/inc5000/2009/company-profile.html?id=200945830),Beverly Hills,Business Products & Services,2200000.00,26.8%
4590,Woodruff-Sawyer (http://www.inc.com/inc5000/2009/company-profile.html?id=200945900),San Francisco,Insurance,61200000.00,26.5%
4600,Learning Evolution (http://www.inc.com/inc5000/2009/company-profile.html?id=200946000),El Cajon,Business Products & Services,2100000.00,26.1%
4602,El Pollo Loco (http://www.inc.com/inc5000/2009/company-profile.html?id=200946020),Costa Mesa,Food & Beverage,298900000.00,26%
4604,Wolcott Architecture Interiors (http://www.inc.com/inc5000/2009/company-profile.html?id=200946040),Culver City,Consumer Products & Services,8100000.00,26%
4621,Bennett Enterprises (http://www.inc.com/inc5000/2009/company-profile.html?id=200946210),Harbor City,Construction,6000000.00,24.8%
4629,Club One (http://www.inc.com/inc5000/2009/company-profile.html?id=200946290),San Francisco,Health,77000000.00,24.2%
4632,Bay Area Economics (http://www.inc.com/inc5000/2009/company-profile.html?id=200946320),Emeryville,Real Estate,5100000.00,24.1%
4654,The Betty Mills Company (http://www.inc.com/inc5000/2009/company-profile.html?id=200946540),San Mateo,Retail,12900000.00,23%
4657,Luth Research (http://www.inc.com/inc5000/2009/company-profile.html?id=200946570),San Diego,Advertising & Marketing,13700000.00,22.7%
4661,Pacific Pavingstone (http://www.inc.com/inc5000/2009/company-profile.html?id=200946610),Sun Valley,Construction,14300000.00,22.6%
4664,Neotrope (http://www.inc.com/inc5000/2009/company-profile.html?id=200946640),Torrance,Advertising & Marketing,340549000000.00,22.5%
4671,ISWest (http://www.inc.com/inc5000/2009/company-profile.html?id=200946710),Agoura Hills,IT Services,8100000.00,22.2%
4672,Pacific Pavingstone (http://www.inc.com/inc5000/2009/company-profile.html?id=200946720),Sun Valley,Construction,14200000.00,22.1%
4677,Suite Solutions (http://www.inc.com/inc5000/2009/company-profile.html?id=200946770),Los Alamitos,Business Products & Services,3700000.00,21.9%
4681,ABC Security Service (http://www.inc.com/inc5000/2009/company-profile.html?id=200946810),Oakland,Security,9500000.00,21.6%
4695,Service By Medallion (http://www.inc.com/inc5000/2009/company-profile.html?id=200946950),Mountain View,Business Products & Services,20600000.00,20.3%
4701,Super Warehouse (http://www.inc.com/inc5000/2009/company-profile.html?id=200947010),San Diego,Computer Hardware,50400000.00,20.1%
4707,Aussie Pet Mobile (http://www.inc.com/inc5000/2009/company-profile.html?id=200947070),Dana Point,Consumer Products & Services,7600000.00,19.9%
4724,Replico (http://www.inc.com/inc5000/2009/company-profile.html?id=200947240),Gilroy,Logistics & Transportation,17800000.00,19.1%
4732,Atkinson-Baker (http://www.inc.com/inc5000/2009/company-profile.html?id=200947320),Glendale,Business Products & Services,31300000.00,18.4%
4734,California Deluxe Windows Industries (http://www.inc.com/inc5000/2009/company-profile.html?id=200947340),Chatsworth,Manufacturing,14700000.00,18.2%
4741,ARRC Technology (http://www.inc.com/inc5000/2009/company-profile.html?id=200947410),Bakersfield,IT Services,6400000.00,17.8%
4745,Ly Brothers (http://www.inc.com/inc5000/2009/company-profile.html?id=200947450),Hayward,Food & Beverage,41000000.00,17.6%
4747,Capture Technologies (http://www.inc.com/inc5000/2009/company-profile.html?id=200947470),Oakland,Security,10800000.00,17.4%
4759,Standard Wire & Cable (http://www.inc.com/inc5000/2009/company-profile.html?id=200947590),Rancho Dominguez,Manufacturing,12900000.00,17%
4771,Way To Be (http://www.inc.com/inc5000/2009/company-profile.html?id=200947710),Hayward,Advertising & Marketing,8100000.00,16%
4782,Genica (http://www.inc.com/inc5000/2009/company-profile.html?id=200947820),Oceanside,Computer Hardware,164700000.00,15.2%
4784,Fusion Learning Center (http://www.inc.com/inc5000/2009/company-profile.html?id=200947840),Solana Beach,Education,2400000.00,15.1%
4794,Mitratech Holdings (http://www.inc.com/inc5000/2009/company-profile.html?id=200947940),Los Angeles,Software,16500000.00,14.4%
4823,American Specialty Health (http://www.inc.com/inc5000/2009/company-profile.html?id=200948230),San Diego,Health,134800000.00,11.1%
4825,LifeWave (http://www.inc.com/inc5000/2009/company-profile.html?id=200948250),La Jolla,Health,16700000.00,11%
4853,Ellie Mae (http://www.inc.com/inc5000/2009/company-profile.html?id=200948530),Dublin,Software,33500000.00,8.7%
4881,ProTrials Research (http://www.inc.com/inc5000/2009/company-profile.html?id=200948810),Mountain View,Business Products & Services,13000000.00,5.3%
500,AArrow Advertising (http://www.inc.com/inc5000/2009/company-profile.html?id=200999992),Los Angeles,Advertising & Marketing,3800000.00,761.7%
500,Accountants In Transition (http://www.inc.com/inc5000/2009/company-profile.html?id=200999994),San Diego,Human Resources,2200000.00,961.6%
500,Avalon Apparel (http://www.inc.com/inc5000/2009/company-profile.html?id=2009999911),Huntington Park,Consumer Products & Services,43000000.00,667.9%
500,Benchmark Financial Groups (http://www.inc.com/inc5000/2009/company-profile.html?id=2009999912),Aliso Viejo,Financial Services,15600000.00,654.6%
500,Elite Merchant Solutions (http://www.inc.com/inc5000/2009/company-profile.html?id=2009999928),Van Nuys,Financial Services,9800000.00,1657.3%
500,Entertainment Fusion Group (http://www.inc.com/inc5000/2009/company-profile.html?id=2009999931),Los Angeles,Advertising & Marketing,2900000.00,944.2%
500,eVisibility (http://www.inc.com/inc5000/2009/company-profile.html?id=2009999933),Carlsbad,Advertising & Marketing,4600000.00,1999.7%
500,Gaytan Foods (http://www.inc.com/inc5000/2009/company-profile.html?id=2009999935),Industry,Food & Beverage,9900000.00,54.8%
500,GSPANN Technologies (http://www.inc.com/inc5000/2009/company-profile.html?id=2009999939),Milpitas,IT Services,3100000.00,915.8%
500,Kyriba (http://www.inc.com/inc5000/2009/company-profile.html?id=2009999948),San Diego,Software,8800000.00,619%
500,NexusLab (http://www.inc.com/inc5000/2009/company-profile.html?id=2009999957),Sherman Oaks,Advertising & Marketing,2800000.00,1020%
500,Partnership Capital Growth (http://www.inc.com/inc5000/2009/company-profile.html?id=2009999964),San Francisco,Financial Services,6100000.00,1127.8%
500,Pixeled Business Systems (http://www.inc.com/inc5000/2009/company-profile.html?id=2009999966),Escondido,IT Services,2200000.00,670.4%
500,Zee Law Group (http://www.inc.com/inc5000/2009/company-profile.html?id=2009999995),Alhambra,Business Products & Services,3200000.00,661.9%

